,date,teff,ts,ps
0,2021-03-06 00:00:00,259.509415,297.56137300000006,998.6253
1,2021-03-06 03:00:00,259.2847225,295.59091063976257,997.6793676472399
2,2021-03-06 06:00:00,259.147935,294.302038455905,1000.20734764724
3,2021-03-06 09:00:00,259.01840749999997,293.235403455905,1000.18234764724
4,2021-03-06 12:00:00,259.206885,300.41917191181,1000.9244
5,2021-03-06 15:00:00,259.7606925,308.018760808665,1000.6459476472401
6,2021-03-06 18:00:00,260.19530249999997,310.11211041181,999.5359879999999
7,2021-03-06 21:00:00,260.73869800000006,305.693903544095,997.0862
8,2021-03-07 00:00:00,260.5357545,295.99816158819004,1000.3010879999999
9,2021-03-07 03:00:00,260.264321,294.349038,1000.5910879999999
10,2021-03-07 06:00:00,259.994995,291.65166267638,999.6366
11,2021-03-07 09:00:00,259.5712145,290.2542695,1000.3020999999999
12,2021-03-07 12:00:00,259.709853,300.22925780866495,1003.929588
13,2021-03-07 15:00:00,260.18512100000004,316.1289059409499,1003.0276476472401
14,2021-03-07 18:00:00,260.7049465,311.01784304409495,998.6530676472399
15,2021-03-07 21:00:00,261.0569165,306.40513467638,997.2154879999999
16,2021-03-08 00:00:00,260.790467,296.6025357720475,999.7936
17,2021-03-08 03:00:00,260.53356049999996,293.53433650000005,998.47846764724
18,2021-03-08 06:00:00,259.95631,292.38664295590496,1000.643388
19,2021-03-08 09:00:00,259.5663805,290.15100154409504,1002.29734764724
20,2021-03-08 12:00:00,259.6597265,302.36393617638,1003.698988
21,2021-03-08 15:00:00,260.0162585,312.402479132285,1002.291288
22,2021-03-08 18:00:00,260.24340750000005,311.13630654409496,1001.3215879999999
23,2021-03-08 21:00:00,260.621823,306.9153031322851,997.45986764724
24,2021-03-09 00:00:00,260.3936575000001,297.4941035,1001.95354764724
25,2021-03-09 03:00:00,259.81617650000004,295.20881929409495,1002.087288
26,2021-03-09 06:00:00,259.54587000000004,292.76033504409503,1003.76984764724
27,2021-03-09 09:00:00,259.12766849999997,291.27017,1002.98714764724
28,2021-03-09 12:00:00,259.18447349999997,299.677435,1003.859388
29,2021-03-09 15:00:00,259.568208,308.439894720475,1000.66056764724
30,2021-03-09 18:00:00,259.9263935,310.21060158818995,1001.7753476472401
31,2021-03-09 21:00:00,260.20838000000003,305.88113463228495,996.60756764724
32,2021-03-10 00:00:00,259.94300649999997,296.6831665881899,1002.80724764724
33,2021-03-10 03:00:00,259.7565705,293.95891677204753,1002.83364764724
34,2021-03-10 06:00:00,259.500735,292.20950004409497,1001.175788
35,2021-03-10 09:00:00,258.997089,290.968503044095,1001.133788
36,2021-03-10 12:00:00,259.30507750000004,298.76733158819,1001.7581879999999
37,2021-03-10 15:00:00,259.7900735,310.12298211733,998.63566764724
38,2021-03-10 18:00:00,260.19274,311.4774327645699,1000.03794764724
39,2021-03-10 21:00:00,260.76085200000006,305.73716467637996,994.28746764724
40,2021-03-11 00:00:00,260.3250245,295.65346995590505,1000.0574476472401
41,2021-03-11 03:00:00,260.0996545,293.58249236771496,998.3408
42,2021-03-11 06:00:00,259.78584100000006,291.52637000000004,999.391588
43,2021-03-11 09:00:00,259.74773,289.82953308819003,998.5125879999999
44,2021-03-11 12:00:00,259.8880005,298.463471455905,999.05316764724
45,2021-03-11 15:00:00,260.13124700000003,315.62961682362004,1003.18104764724
46,2021-03-11 18:00:00,260.67681500000003,312.353409544095,997.22676764724
47,2021-03-11 21:00:00,261.08294750000005,307.70986963228495,996.55286764724
48,2021-03-12 00:00:00,260.835107,297.06584291181,999.2789879999999
49,2021-03-12 03:00:00,260.36940350000003,293.98335452204753,999.73116764724
50,2021-03-12 06:00:00,260.055946,293.24924295590506,1000.6345
51,2021-03-12 09:00:00,259.76368500000007,292.22790950000007,999.8423676472399
52,2021-03-12 12:00:00,259.844216,300.30873117638004,1005.4700476472401
53,2021-03-12 15:00:00,260.26587200000006,314.37441564724,1002.6810879999999
54,2021-03-12 18:00:00,260.7388045,318.776932985045,1001.7269476472401
55,2021-03-12 21:00:00,261.059221,309.14170117638,996.44586764724
56,2021-03-13 00:00:00,260.63622549999997,300.66441717637997,1001.6775476472401
57,2021-03-13 03:00:00,260.365024,296.99022111023754,1000.29686764724
58,2021-03-13 06:00:00,259.8187865,294.54060454409506,1002.1272879999999
59,2021-03-13 09:00:00,259.62964700000003,293.20447149999995,1002.246488
60,2021-03-13 12:00:00,259.731534,301.220301132285,1004.4561476472401
61,2021-03-13 15:00:00,260.1198665,313.88366095590504,1004.05184764724
62,2021-03-13 18:00:00,260.34359,319.844319632285,1000.8748879999999
63,2021-03-13 21:00:00,260.561622,305.73008382362,998.37386764724
64,2021-03-14 00:00:00,260.52635449999997,299.6145054779525,1003.33324764724
65,2021-03-14 03:00:00,260.2425185,296.17251802204754,1003.0393476472401
66,2021-03-14 06:00:00,259.97139150000004,295.661331632285,1000.80746764724
67,2021-03-14 09:00:00,259.627954,294.05180454409503,1001.0005676472401
68,2021-03-14 12:00:00,259.879555,301.77314944094996,1006.19864764724
69,2021-03-14 15:00:00,260.35587849999996,315.02452517638,1006.0289476472401
70,2021-03-14 18:00:00,260.694833,319.5969265291399,999.76356764724
71,2021-03-14 21:00:00,261.195951,309.33109367638,1001.4409476472401
72,2021-03-15 00:00:00,260.8645515,301.2326854779525,999.76846764724
73,2021-03-15 03:00:00,260.7611385,299.00531811023757,999.9126676472401
74,2021-03-15 06:00:00,260.34319100000005,295.63706954409497,1001.0700999999999
75,2021-03-15 09:00:00,260.1996280000001,295.59566958818993,1002.5395476472399
76,2021-03-15 12:00:00,260.330394,304.70560226457,1002.7316000000001
77,2021-03-15 15:00:00,260.807748,313.57000373543,1001.7648879999999
78,2021-03-15 18:00:00,261.22286500000007,315.1533196472401,1000.6684476472401
79,2021-03-15 21:00:00,261.34985900000004,304.49299195590504,997.5350476472399
80,2021-03-16 00:00:00,261.24735549999997,299.7704505807124,997.23796764724
81,2021-03-16 03:00:00,261.28692350000006,299.87996317638,998.803
82,2021-03-16 06:00:00,260.8971465,298.030034632285,999.6667476472401
83,2021-03-16 09:00:00,260.83883949999995,296.955699632285,995.2762676472399
84,2021-03-16 12:00:00,260.886021,303.72373350000004,998.9011879999999
85,2021-03-16 15:00:00,261.39533150000005,312.34666699999997,996.74376764724
86,2021-03-16 18:00:00,261.72053400000004,314.17513504409504,995.630988
87,2021-03-16 21:00:00,262.13728050000003,308.26132208818996,993.6299
88,2021-03-17 00:00:00,261.42568850000004,296.2971892354301,995.912188
89,2021-03-17 03:00:00,261.265341,297.28179808819,998.32354764724
90,2021-03-17 06:00:00,259.8949425,296.042573367715,997.8528476472401
91,2021-03-17 09:00:00,259.576936,295.03040791181,1001.37884764724
92,2021-03-17 12:00:00,259.45949,295.30923645590497,1000.20006764724
93,2021-03-17 15:00:00,259.82224249999996,296.70522467638,1000.05556764724
94,2021-03-17 18:00:00,259.83842250000004,299.7395880732349,1000.1302
95,2021-03-17 21:00:00,260.252931,298.871869044095,1000.7061476472401
96,2021-03-18 00:00:00,259.983919,295.763471455905,1004.69444764724
97,2021-03-18 03:00:00,259.648698,293.93893816181003,1004.8210476472401
98,2021-03-18 06:00:00,259.09338799999995,293.162906,1005.0711476472401
99,2021-03-18 09:00:00,259.12291949999997,291.925772955905,1004.60544764724
100,2021-03-18 12:00:00,259.1428535,295.47153495590504,1005.5322476472402
101,2021-03-18 15:00:00,259.741749,302.17426608819,1005.03114764724
102,2021-03-18 18:00:00,259.95499750000005,304.543271455905,1002.868588
103,2021-03-18 21:00:00,260.38435699999997,300.5281117795251,1001.21674764724
104,2021-03-19 00:00:00,260.2497055,294.26196681614255,1002.01504764724
105,2021-03-19 03:00:00,260.10742849999997,293.782437794095,1002.433188
106,2021-03-19 06:00:00,260.02511150000004,292.422173,1000.2668676472399
107,2021-03-19 09:00:00,259.83125,290.383403,999.6419676472401
108,2021-03-19 12:00:00,260.1483585,297.61199808819,1002.956588
109,2021-03-19 15:00:00,260.4796145,307.24766732361996,1001.955888
110,2021-03-19 18:00:00,260.8948735,307.02698548504503,998.065388
111,2021-03-19 21:00:00,261.26278500000006,303.64659326457,994.80256764724
112,2021-03-20 00:00:00,260.7372375,299.5020798236201,998.775488
113,2021-03-20 03:00:00,260.7029435,296.58527738228497,1000.5634476472401
114,2021-03-20 06:00:00,260.4235945,295.46226308818996,998.9860879999999
115,2021-03-20 09:00:00,260.296399,295.80159808819,999.154088
116,2021-03-20 12:00:00,260.2570120000001,300.76193117637996,1002.76754764724
117,2021-03-20 15:00:00,260.68201600000003,304.510148720475,1002.0468000000001
118,2021-03-20 18:00:00,261.06969050000004,309.58651226457005,997.9760676472401
119,2021-03-20 21:00:00,261.24369750000005,304.09648632361996,999.434
120,2021-03-21 00:00:00,261.22616350000004,300.4036407720475,1000.16786764724
121,2021-03-21 03:00:00,260.73156500000005,296.27173004409497,1002.8173879999999
122,2021-03-21 06:00:00,260.50358400000005,296.248966544095,1003.4215879999999
123,2021-03-21 09:00:00,260.07030000000003,295.7639015,1003.6671880000001
124,2021-03-21 12:00:00,259.7131625,297.2258359559049,1007.1012476472401
125,2021-03-21 15:00:00,259.94311749999997,299.3628628385751,1006.6003476472401
126,2021-03-21 18:00:00,259.88922600000006,296.9671608236201,1006.9584476472401
127,2021-03-21 21:00:00,259.92041650000004,294.74712408819,1004.057288
128,2021-03-22 00:00:00,259.9750705000001,294.21995572795254,1006.98664764724
129,2021-03-22 03:00:00,259.97672250000005,292.78216263228506,1007.01074764724
130,2021-03-22 06:00:00,259.5399805,291.85656454409497,1007.31184764724
131,2021-03-22 09:00:00,259.451972,292.158998044095,1004.933688
132,2021-03-22 12:00:00,259.66047050000003,295.78763495590493,1007.49114764724
133,2021-03-22 15:00:00,259.9771765,306.14297327952505,1007.1277476472401
134,2021-03-22 18:00:00,260.17832250000004,306.54246191181005,1002.96754764724
135,2021-03-22 21:00:00,260.32577349999997,300.00510477952497,1002.30554764724
136,2021-03-23 00:00:00,260.122646,296.6248233897625,1005.54464764724
137,2021-03-23 03:00:00,259.6559955,294.739336455905,1008.12524764724
138,2021-03-23 06:00:00,259.50057699999996,294.085996544095,1004.948688
139,2021-03-23 09:00:00,259.26432650000004,293.77499995590495,1004.542188
140,2021-03-23 12:00:00,259.120744,296.94349313228497,1007.0081476472401
141,2021-03-23 15:00:00,259.562042,307.14461741181,1006.7129476472401
142,2021-03-23 18:00:00,260.2208370000001,306.522592514955,1003.0344476472401
143,2021-03-23 21:00:00,260.37276349999996,301.89215041180995,1000.9364879999999
144,2021-03-24 00:00:00,260.43807000000004,298.376404794095,1004.1690476472401
145,2021-03-24 03:00:00,260.0374595,295.3507961322849,1004.7069476472402
146,2021-03-24 06:00:00,259.76793050000003,295.31513650000005,1003.375288
147,2021-03-24 09:00:00,259.6949215,294.550369955905,1001.53546764724
148,2021-03-24 12:00:00,259.69333950000004,300.661338,1005.344388
149,2021-03-24 15:00:00,260.03995050000003,308.44087291181,1003.941
150,2021-03-24 18:00:00,260.439159,307.90074069133505,1001.4926476472401
151,2021-03-24 21:00:00,260.90021,303.6993127496149,999.8532879999999
152,2021-03-25 00:00:00,260.543266,298.5448260220475,1002.6643
153,2021-03-25 03:00:00,260.1387045,296.03002926457,1002.01706764724
154,2021-03-25 06:00:00,260.1627485,295.10817108819003,1003.3682476472401
155,2021-03-25 09:00:00,260.01399599999996,294.85520154409505,1003.5575476472401
156,2021-03-25 12:00:00,260.053732,300.09993754409504,1001.44386764724
157,2021-03-25 15:00:00,260.6010715,308.81974132361995,1000.3939676472401
158,2021-03-25 18:00:00,261.1631645,310.78253982362,1000.3895476472401
159,2021-03-25 21:00:00,261.45468200000005,305.44284127952506,999.03784764724
160,2021-03-26 00:00:00,261.49836500000004,299.22815752952505,999.052188
161,2021-03-26 03:00:00,261.0366900000001,297.72543991181004,998.90226764724
162,2021-03-26 06:00:00,260.63553950000005,296.98824827952507,998.33506764724
163,2021-03-26 09:00:00,260.62948150000005,294.78003004409504,998.31416764724
164,2021-03-26 12:00:00,260.47400400000004,299.60028119133506,1003.7771476472401
165,2021-03-26 15:00:00,260.68995900000004,308.826214691335,1001.814888
166,2021-03-26 18:00:00,261.2047775000001,308.83949458818995,996.2279676472399
167,2021-03-26 21:00:00,261.27663400000006,302.60020323543006,999.22454764724
168,2021-03-27 00:00:00,261.238644,298.23493791181,998.745388
169,2021-03-27 03:00:00,260.7104765,299.148765455905,1000.350188
170,2021-03-27 06:00:00,260.05592700000005,294.74946795590506,1000.6344476472401
171,2021-03-27 09:00:00,259.9560075,294.55333345590503,999.630088
172,2021-03-27 12:00:00,259.628366,298.53627669133505,1003.7460476472401
173,2021-03-27 15:00:00,259.96328450000004,303.1831160590501,1001.6113879999999
174,2021-03-27 18:00:00,259.942043,302.29661592676507,1000.17554764724
175,2021-03-27 21:00:00,259.1856495,294.8565490070925,1002.19942035276
176,2021-03-28 00:00:00,259.119543,292.36368906614257,1003.47454764724
177,2021-03-28 03:00:00,258.92892700000004,292.01605958819005,1004.137888
178,2021-03-28 06:00:00,258.62302850000003,292.1972649559049,1005.31694764724
179,2021-03-28 09:00:00,258.20621,291.46759649999996,1003.493
180,2021-03-28 12:00:00,258.084456,291.57473145590507,1007.2419476472401
181,2021-03-28 15:00:00,258.30420200000003,292.768933367715,1005.1723
182,2021-03-28 18:00:00,258.419276,293.805892367715,1004.51484764724
183,2021-03-28 21:00:00,258.4411295,292.91882354409495,1003.5520476472401
184,2021-03-29 00:00:00,258.5445775,292.25121420590494,1006.69734764724
185,2021-03-29 03:00:00,258.4428505,291.77422808819,1004.613
186,2021-03-29 06:00:00,258.1457885,292.33636691181,1003.382
187,2021-03-29 09:00:00,257.82293549999997,291.986603,1005.97304764724
188,2021-03-29 12:00:00,257.878463,292.574436044095,1007.96714764724
189,2021-03-29 15:00:00,257.9819265,299.238690191335,1007.451188
190,2021-03-29 18:00:00,258.1250455,298.85346508819003,1006.0482356472401
191,2021-03-29 21:00:00,257.967686,294.75796367638003,1004.974688
192,2021-03-30 00:00:00,258.04432549999996,292.26993600000003,1004.8237879999999
193,2021-03-30 03:00:00,258.093234,292.3180589118101,1007.1508476472401
194,2021-03-30 06:00:00,257.888804,290.95627973543003,1004.7087879999999
195,2021-03-30 09:00:00,257.64824949999996,288.66446982362004,1007.45034764724
196,2021-03-30 12:00:00,257.702035,293.54290382362,1007.5417476472401
197,2021-03-30 15:00:00,258.12650350000007,300.899474867715,1007.57534764724
198,2021-03-30 18:00:00,258.5774025,302.39974627952506,1004.52284764724
199,2021-03-30 21:00:00,258.74961550000006,297.31497441181,1002.7566879999999
200,2021-03-31 00:00:00,258.69065700000004,291.2326706838575,1004.347988
201,2021-03-31 03:00:00,258.5915675,289.56318497795246,1002.41986764724
202,2021-03-31 06:00:00,258.41983350000004,288.31236995590496,1004.8088476472401
203,2021-03-31 09:00:00,258.0557355,287.32926995590503,1005.8650476472401
204,2021-03-31 12:00:00,257.98817850000006,293.90093495590503,1006.50424764724
205,2021-03-31 15:00:00,258.40779,302.85684291181,1006.6498476472401
206,2021-03-31 18:00:00,258.93280849999996,304.0852365,1002.7754476472401
207,2021-03-31 21:00:00,258.98768850000005,298.71680491181,1000.2028879999999
208,2021-04-01 00:00:00,258.786718,293.8140350440951,1002.28774764724
209,2021-04-01 03:00:00,258.480157,290.8816404779525,1003.112188
210,2021-04-01 06:00:00,258.07432750000004,289.4240414118101,1002.5700879999999
211,2021-04-01 09:00:00,257.82336849999996,288.80237150000005,1004.22344764724
212,2021-04-01 12:00:00,257.802358,294.87163458819,1004.755988
213,2021-04-01 15:00:00,258.3537245,303.303406,1003.318888
214,2021-04-01 18:00:00,258.8253045,305.521069132285,1000.69824764724
215,2021-04-01 21:00:00,258.85344000000003,299.664835632285,1001.0493879999999
216,2021-04-02 00:00:00,258.36603,292.7272911838576,1003.416088
217,2021-04-02 03:00:00,258.34864650000003,291.64614466181007,1004.40344764724
218,2021-04-02 06:00:00,258.0542545,291.12235773543,1002.4948
219,2021-04-02 09:00:00,258.007609,289.8430105440951,1006.04744764724
220,2021-04-02 12:00:00,258.049676,293.83525480866496,1006.415888
221,2021-04-02 15:00:00,258.4490225,305.09144032362,1005.154988
222,2021-04-02 18:00:00,258.976761,306.208997632285,1002.0612
223,2021-04-02 21:00:00,259.10095200000006,300.010302544095,1000.6245676472399
224,2021-04-03 00:00:00,259.040627,293.54400982362006,1003.5329879999999
225,2021-04-03 03:00:00,258.962093,291.914676367715,1005.79474764724
226,2021-04-03 06:00:00,258.69406799999996,290.176003,1003.9636879999999
227,2021-04-03 09:00:00,258.579437,289.69736804409496,1005.000088
228,2021-04-03 12:00:00,258.572297,295.99606950000003,1008.0203476472401
229,2021-04-03 15:00:00,259.07457899999997,305.9983412795251,1005.688988
230,2021-04-03 18:00:00,259.5398425,308.33240782362,1001.9587879999999
231,2021-04-03 21:00:00,259.602317,301.22754923543,1002.3948879999999
232,2021-04-04 00:00:00,259.51313250000004,295.06256450000006,1002.941188
233,2021-04-04 03:00:00,259.3791585,294.83404136771503,1005.4996476472402
234,2021-04-04 06:00:00,259.1761880000001,295.518351279525,1003.629688
235,2021-04-04 09:00:00,258.96587400000004,294.70041286771504,1001.69206764724
236,2021-04-04 12:00:00,258.9231455000001,297.43001701495507,1005.330888
237,2021-04-04 15:00:00,259.33450600000003,305.57073873543004,1002.72566764724
238,2021-04-04 18:00:00,259.663998,308.77170225038503,999.25196764724
239,2021-04-04 21:00:00,259.9125745,303.03867332362,1000.6149476472401
240,2021-04-05 00:00:00,259.87766200000004,298.68377636771504,999.82196764724
241,2021-04-05 03:00:00,259.45538550000003,294.1902,1002.7232879999999
242,2021-04-05 06:00:00,259.23142900000005,293.73956804409494,1000.2541676472401
243,2021-04-05 09:00:00,259.02571700000004,293.51187491181,1000.6230676472401
244,2021-04-05 12:00:00,259.0614175,294.750194632285,1003.6606879999999
245,2021-04-05 15:00:00,259.38803550000006,302.2259984267651,1003.3602880000001
246,2021-04-05 18:00:00,259.672012,301.3572216031451,1001.91954764724
247,2021-04-05 21:00:00,259.811201,300.4033595149551,999.1290879999999
248,2021-04-06 00:00:00,259.76282699999996,300.5054063897625,1000.05276764724
249,2021-04-06 03:00:00,259.4056385,296.26741087480747,1002.310088
250,2021-04-06 06:00:00,259.18557300000003,293.93999917638,1001.7440879999999
251,2021-04-06 09:00:00,258.995791,293.111769544095,1003.55694764724
252,2021-04-06 12:00:00,258.87013650000006,296.919006044095,1004.5474879999999
253,2021-04-06 15:00:00,259.18414500000006,305.83184063228504,1003.675788
254,2021-04-06 18:00:00,259.4275420000001,297.1659237653401,1001.1198
255,2021-04-06 21:00:00,259.486574,299.874079367715,999.89596764724
256,2021-04-07 00:00:00,259.640639,295.365955044095,1002.298188
257,2021-04-07 03:00:00,259.5018915,294.52260945590507,1004.5788476472401
258,2021-04-07 06:00:00,259.38293999999996,294.32644595590494,1002.1244879999999
259,2021-04-07 09:00:00,259.34470100000004,294.16617595590503,1002.2711879999999
260,2021-04-07 12:00:00,259.436285,298.69154482362006,1005.0698476472401
261,2021-04-07 15:00:00,259.7383695,306.71214973543005,1005.3035476472401
262,2021-04-07 18:00:00,260.2700765,307.622507867715,1001.7581476472401
263,2021-04-07 21:00:00,260.52020400000004,301.850070955905,999.508388
264,2021-04-08 00:00:00,260.725537,297.07728483819,1001.931
265,2021-04-08 03:00:00,260.55761599999994,298.6174012204751,1002.5784
266,2021-04-08 06:00:00,260.2517145,295.95193122047505,1004.0058476472401
267,2021-04-08 09:00:00,259.82178450000004,293.6603341322851,1002.534688
268,2021-04-08 12:00:00,259.965055,297.706976279525,1003.627388
269,2021-04-08 15:00:00,260.5115195,306.78861282362004,1001.92716764724
270,2021-04-08 18:00:00,260.99713499999996,309.2592458677151,998.74626764724
271,2021-04-08 21:00:00,261.402641,304.02038082362003,998.2427879999998
272,2021-04-09 00:00:00,261.612184,300.12355333819005,1000.9686
273,2021-04-09 03:00:00,261.21430399999997,298.338529632285,1001.6035999999999
274,2021-04-09 06:00:00,260.8875415,296.64170149999995,1002.9799476472399
275,2021-04-09 09:00:00,260.62395900000007,296.129001544095,1003.3767476472401
276,2021-04-09 12:00:00,260.6170605,300.38697141181,1002.94536764724
277,2021-04-09 15:00:00,260.95547899999997,309.505172955905,1004.6790476472402
278,2021-04-09 18:00:00,261.5039085,307.404608279525,1000.248
279,2021-04-09 21:00:00,261.7012690000001,303.86869954409497,1000.1417999999999
280,2021-04-10 00:00:00,261.7490555,298.67896775,999.90816764724
281,2021-04-10 03:00:00,261.403499,297.4187645881901,999.8747676472399
282,2021-04-10 06:00:00,261.12344100000007,296.28706267638,999.8640676472401
283,2021-04-10 09:00:00,260.92428800000005,295.87297150000006,999.92596764724
284,2021-04-10 12:00:00,260.966533,300.937639455905,1002.6294879999999
285,2021-04-10 15:00:00,261.56271849999996,309.684103,999.06126764724
286,2021-04-10 18:00:00,262.02374000000003,309.00134676457003,999.49244764724
287,2021-04-10 21:00:00,262.3360155,305.23319608818997,998.2762476472401
288,2021-04-11 00:00:00,262.12274299999996,302.10806549999995,995.9460676472399
289,2021-04-11 03:00:00,261.771474,299.53013122047497,999.214
290,2021-04-11 06:00:00,261.214113,297.473135,999.686288
291,2021-04-11 09:00:00,260.854754,295.521857720475,1000.3313
292,2021-04-11 12:00:00,260.27418,299.45188114724004,1003.0763
293,2021-04-11 15:00:00,260.282598,307.00010517638003,1004.019288
294,2021-04-11 18:00:00,259.8483585,296.176462426765,1003.84502035276
295,2021-04-11 21:00:00,259.8461505,294.717920396855,1005.09954764724
296,2021-04-12 00:00:00,259.560424,293.390782294095,1006.8387879999999
297,2021-04-12 03:00:00,259.32017199999996,291.404468,1007.016588
298,2021-04-12 06:00:00,259.06485399999997,290.37000682362003,1007.580688
299,2021-04-12 09:00:00,258.751006,289.50090491181004,1008.189388
300,2021-04-12 12:00:00,258.960181,292.86827141181004,1009.0692879999999
301,2021-04-12 15:00:00,259.3716685,300.657669455905,1007.4317
302,2021-04-12 18:00:00,259.7436135,302.547872867715,1006.0098879999999
303,2021-04-12 21:00:00,259.791504,297.65047095590495,1006.412888
304,2021-04-13 00:00:00,259.691988,293.1397845220475,1007.141588
305,2021-04-13 03:00:00,259.5645675,291.63763795590506,1007.2054879999998
306,2021-04-13 06:00:00,259.3718085,290.152736455905,1008.0384879999999
307,2021-04-13 09:00:00,259.24661799999996,289.36003495590495,1006.4199
308,2021-04-13 12:00:00,259.1254215000001,294.6366649559051,1011.25694764724
309,2021-04-13 15:00:00,259.387756,304.498633,1008.262388
310,2021-04-13 18:00:00,259.8016725,306.34503604409497,1006.4265476472401
311,2021-04-13 21:00:00,259.852356,300.4694325881901,1005.66144764724
312,2021-04-14 00:00:00,259.646592,294.83472216181,1006.5700879999999
313,2021-04-14 03:00:00,259.4208875,293.167136455905,1005.982088
314,2021-04-14 06:00:00,259.40211750000003,291.77933645590497,1003.21596764724
315,2021-04-14 09:00:00,259.08207600000003,290.90773304409504,1004.1642000000002
316,2021-04-14 12:00:00,259.198703,297.15819995590493,1006.4455879999998
317,2021-04-14 15:00:00,259.5351035,306.75479991181,1003.30356764724
318,2021-04-14 18:00:00,260.1407085000001,307.952363367715,999.44146764724
319,2021-04-14 21:00:00,260.22223400000007,301.81376645590507,999.7133
320,2021-04-15 00:00:00,260.123637,297.7631762133825,1001.748288
321,2021-04-15 03:00:00,259.7965985,296.7377794118099,1003.89614764724
322,2021-04-15 06:00:00,259.41139849999996,295.456357808665,1003.0702476472401
323,2021-04-15 09:00:00,258.984148,293.9674734118099,1001.09506764724
324,2021-04-15 12:00:00,258.869847,296.421769955905,1006.12164764724
325,2021-04-15 15:00:00,259.18247950000006,298.264513,1003.5117879999999
326,2021-04-15 18:00:00,259.62144850000004,308.87357782362005,1000.0139879999999
327,2021-04-15 21:00:00,259.99525800000004,302.83877276456997,998.42946764724
328,2021-04-16 00:00:00,259.37016800000004,294.78815302204754,1000.15776764724
329,2021-04-16 03:00:00,259.128776,294.1425577279525,1002.5538476472401
330,2021-04-16 06:00:00,258.81756250000007,292.99626458819,1001.308288
331,2021-04-16 09:00:00,258.59113349999996,292.0,1002.437688
332,2021-04-16 12:00:00,258.772471,296.977183279525,1003.4927879999999
333,2021-04-16 15:00:00,258.701201,300.54324252991006,1001.26396764724
334,2021-04-16 18:00:00,258.88858450000004,308.3614154708601,1000.2462879999999
335,2021-04-16 21:00:00,259.141887,301.87882232362006,1000.068188
336,2021-04-17 00:00:00,258.9412280000001,294.44026256614245,1002.8401476472401
337,2021-04-17 03:00:00,258.9402505,294.60212075,1001.7982999999999
338,2021-04-17 06:00:00,258.551359,292.9376365,1002.82094764724
339,2021-04-17 09:00:00,258.57705899999996,292.229503455905,1003.20394764724
340,2021-04-17 12:00:00,258.5602355,295.35656495590496,1004.818188
341,2021-04-17 15:00:00,258.932854,308.20962580866495,1003.61984764724
342,2021-04-17 18:00:00,259.199248,309.31991100000005,1000.7649880000001
343,2021-04-17 21:00:00,259.34024900000003,300.835031132285,1002.2063476472399
344,2021-04-18 00:00:00,259.00493,296.83495619133504,1002.097188
345,2021-04-18 03:00:00,258.7930845,293.90982488976255,1003.7633880000001
346,2021-04-18 06:00:00,258.56849150000005,292.17066995590494,1000.5122676472402
347,2021-04-18 09:00:00,258.337757,291.84857150000005,1003.2479879999999
348,2021-04-18 12:00:00,258.5577705,296.99776954409504,1005.70124764724
349,2021-04-18 15:00:00,259.0105585,305.743435632285,1004.6890476472399
350,2021-04-18 18:00:00,259.1710675,306.222539455905,1001.6679879999999
351,2021-04-18 21:00:00,259.1923300000001,299.56051132362006,1000.5660879999998
352,2021-04-19 00:00:00,258.810127,294.4087728015726,1003.242988
353,2021-04-19 03:00:00,258.59817400000003,292.79973991181004,1004.5625476472401
354,2021-04-19 06:00:00,258.47577800000005,291.33856845590503,1003.8995476472401
355,2021-04-19 09:00:00,258.1892545,290.358565044095,1001.88806764724
356,2021-04-19 12:00:00,258.17211599999996,296.788971455905,1006.6818476472399
357,2021-04-19 15:00:00,258.336114,305.63867973543,1006.2269476472402
358,2021-04-19 18:00:00,258.69030349999997,306.1382831472401,1000.66796764724
359,2021-04-19 21:00:00,258.7978435,298.9783162354301,1002.7870879999998
360,2021-04-20 00:00:00,258.767321,293.62199882362,1005.15504764724
361,2021-04-20 03:00:00,258.5910905,292.56460000000004,1004.21954764724
362,2021-04-20 06:00:00,258.3477145,291.24059850000003,1003.8674476472402
363,2021-04-20 09:00:00,258.0807085,290.385366544095,1001.68156764724
364,2021-04-20 12:00:00,258.07311350000003,295.80840486771507,1006.4410476472401
365,2021-04-20 15:00:00,258.4537,305.14630977952504,1004.8951
366,2021-04-20 18:00:00,258.966519,308.09658769133506,1002.173188
367,2021-04-20 21:00:00,259.1551065,299.0904014118101,1001.198588
368,2021-04-21 00:00:00,259.10783599999996,294.495818955905,1001.43156764724
369,2021-04-21 03:00:00,258.92216,292.47972617638,1000.8138676472399
370,2021-04-21 06:00:00,258.72269050000006,292.68600945590504,1000.4834676472401
371,2021-04-21 09:00:00,258.43820250000005,291.256699632285,1000.03536764724
372,2021-04-21 12:00:00,258.3235655,297.22726804409496,1005.0688476472401
373,2021-04-21 15:00:00,258.55525550000004,306.74934141181006,1005.0995476472399
374,2021-04-21 18:00:00,258.9195375,308.88353800000004,1001.77284764724
375,2021-04-21 21:00:00,259.01255000000003,301.703731132285,1000.006188
376,2021-04-22 00:00:00,258.678514,295.6767511102375,1003.97454764724
377,2021-04-22 03:00:00,258.48587100000003,294.35438858819003,1002.5369880000001
378,2021-04-22 06:00:00,258.23713349999997,293.285439544095,1000.6673676472401
379,2021-04-22 09:00:00,257.94563450000004,292.21783954409494,1001.4764676472399
380,2021-04-22 12:00:00,257.87183600000003,296.544471455905,1002.11946764724
381,2021-04-22 15:00:00,258.13441500000005,304.457501455905,1002.40006764724
382,2021-04-22 18:00:00,258.42405599999995,303.79671269133496,1001.153688
383,2021-04-22 21:00:00,258.60951500000004,297.97877777952505,998.48176764724
384,2021-04-23 00:00:00,258.722936,295.22507291181,1001.4804879999999
385,2021-04-23 03:00:00,258.795135,293.93233158819,1003.64654764724
386,2021-04-23 06:00:00,258.420717,292.24270149999995,1000.718088
387,2021-04-23 09:00:00,258.46999650000004,290.85017177952506,1000.607488
388,2021-04-23 12:00:00,258.6476205,294.930136,1001.85746764724
389,2021-04-23 15:00:00,258.5316955,300.082681220475,1002.4131
390,2021-04-23 18:00:00,258.82243650000004,303.100854103145,1000.2965879999999
391,2021-04-23 21:00:00,259.0488005,297.05410282362004,998.5358
392,2021-04-24 00:00:00,259.08886250000006,295.76362677952505,1001.019288
393,2021-04-24 03:00:00,258.95029050000005,293.504771,998.69726764724
394,2021-04-24 06:00:00,258.3893475,290.86345430866504,999.15376764724
395,2021-04-24 09:00:00,257.9548985,290.975533455905,1002.417388
396,2021-04-24 12:00:00,257.944218,293.0625365,1002.8187879999999
397,2021-04-24 15:00:00,257.9350115,296.2738173677151,1005.58594764724
398,2021-04-24 18:00:00,257.737162,293.06189708819005,1001.42531529448
399,2021-04-24 21:00:00,257.779509,292.60797445590504,1000.275188
400,2021-04-25 00:00:00,257.2469615,292.25216041181,1004.900688
401,2021-04-25 03:00:00,257.1101225,290.41674327952506,1005.0271879999999
402,2021-04-25 06:00:00,256.6671795,289.83454132362,1005.204488
403,2021-04-25 09:00:00,256.51128000000006,289.959196544095,1005.510588
404,2021-04-25 12:00:00,256.5488485,292.252871867715,1008.07714764724
405,2021-04-25 15:00:00,256.5359485,296.09461014723996,1007.3442476472401
406,2021-04-25 18:00:00,256.97492200000005,296.97689308818997,1006.49714764724
407,2021-04-25 21:00:00,257.1313065,294.73260600000003,1006.4220476472401
408,2021-04-26 00:00:00,256.91466500000007,288.5860443602375,1007.4380476472401
409,2021-04-26 03:00:00,256.6276485,287.17289417638,1008.70124764724
410,2021-04-26 06:00:00,256.4651055,285.676001455905,1007.519788
411,2021-04-26 09:00:00,256.2226145,284.809634955905,1007.9774476472401
412,2021-04-26 12:00:00,256.318598,289.316201455905,1010.00294764724
413,2021-04-26 15:00:00,256.5416255,296.89263986771505,1008.829488
414,2021-04-26 18:00:00,256.86018,297.959939867715,1006.1345880000001
415,2021-04-26 21:00:00,256.70742500000006,290.9451054338575,1005.2577000000001
416,2021-04-27 00:00:00,256.583147,286.17083645590503,1008.361288
417,2021-04-27 03:00:00,256.3963635,284.41352163976245,1008.2906879999999
418,2021-04-27 06:00:00,256.43930750000004,283.54180341181,1008.4668879999999
419,2021-04-27 09:00:00,256.36255050000005,282.318633455905,1005.98366764724
420,2021-04-27 12:00:00,256.25065700000005,287.95666991181,1010.5245476472401
421,2021-04-27 15:00:00,256.4578755,296.38583795590506,1009.6138476472402
422,2021-04-27 18:00:00,256.9324165,297.46997291181003,1008.28734764724
423,2021-04-27 21:00:00,257.055439,291.44300450000003,1007.54364764724
424,2021-04-28 00:00:00,256.96358499999997,286.97270491181,1008.0085879999999
425,2021-04-28 03:00:00,256.83661300000006,284.96415566181,1008.7020476472401
426,2021-04-28 06:00:00,256.726849,283.2530015,1006.6505
427,2021-04-28 09:00:00,256.442996,282.88880495590496,1010.16414764724
428,2021-04-28 12:00:00,256.286744,288.59013304409496,1011.1264880000001
429,2021-04-28 15:00:00,256.38914900000003,297.5189665,1010.775288
430,2021-04-28 18:00:00,256.802411,299.36480393385756,1009.56634764724
431,2021-04-28 21:00:00,256.7362525,291.9902665,1009.8546476472402
432,2021-04-29 00:00:00,256.5687175,287.3775928897625,1010.42244764724
433,2021-04-29 03:00:00,256.46490450000005,285.42673991181,1010.6084476472402
434,2021-04-29 06:00:00,256.38595050000004,283.4906365,1011.05554764724
435,2021-04-29 09:00:00,256.102924,282.2080365,1011.40054764724
436,2021-04-29 12:00:00,255.990994,288.708133044095,1012.1078476472401
437,2021-04-29 15:00:00,256.28622,299.783028132285,1012.45044764724
438,2021-04-29 18:00:00,256.667387,300.809466455905,1009.3501476472402
439,2021-04-29 21:00:00,256.86487300000005,292.47606649999994,1010.01594764724
440,2021-04-30 00:00:00,256.87053750000007,286.88703718385756,1010.9429476472401
441,2021-04-30 03:00:00,256.894317,285.15593149999995,1008.8584880000001
442,2021-04-30 06:00:00,256.7166085,284.067795,1006.86626764724
443,2021-04-30 09:00:00,256.50092450000005,284.55329654409496,1008.76414764724
444,2021-04-30 12:00:00,256.55720349999996,291.07249804409497,1008.21936764724
445,2021-04-30 15:00:00,256.82798,300.18733641181007,1008.6770999999999
446,2021-04-30 18:00:00,257.3398125,302.65666799999997,1003.84986764724
447,2021-04-30 21:00:00,257.4606125,295.22330300000004,1003.31516764724
448,2021-05-01 00:00:00,257.4992055,290.96437222795254,1005.958988
449,2021-05-01 03:00:00,257.58289,289.138238,1005.183288
450,2021-05-01 06:00:00,257.33918700000004,287.822303,1004.9905879999999
451,2021-05-01 09:00:00,257.34597850000006,287.91920304409496,1004.6221879999999
452,2021-05-01 12:00:00,257.39774149999994,292.62890791181,1005.81216764724
453,2021-05-01 15:00:00,257.6385445,301.762345867715,1005.0515676472401
454,2021-05-01 18:00:00,257.940649,304.11314586771505,1003.3175880000001
455,2021-05-01 21:00:00,258.15463000000005,296.55690941181007,1002.7912880000001
456,2021-05-02 00:00:00,258.1827915,293.4615581397626,1004.3499999999999
457,2021-05-02 03:00:00,258.402158,291.263462882285,1002.6100676472399
458,2021-05-02 06:00:00,258.37557050000004,290.27633304409494,1002.23376764724
459,2021-05-02 09:00:00,258.56462100000005,290.486668044095,1002.28656764724
460,2021-05-02 12:00:00,258.60642400000006,295.70940295590503,1005.207588
461,2021-05-02 15:00:00,258.8945945,305.71300486771503,1005.120288
462,2021-05-02 18:00:00,259.57196500000003,307.55890145590496,1001.7340879999999
463,2021-05-02 21:00:00,259.816016,300.303841367715,1000.3616999999999
464,2021-05-03 00:00:00,259.9004715,297.16894141180995,1000.12706764724
465,2021-05-03 03:00:00,259.86622100000005,296.06996138976257,1002.8264879999999
466,2021-05-03 06:00:00,259.75641100000007,294.68156808819,1001.5176999999999
467,2021-05-03 09:00:00,259.6167945,293.95627149999996,1002.0824
468,2021-05-03 12:00:00,259.76451000000003,298.87040149999996,1001.25286764724
469,2021-05-03 15:00:00,260.357883,307.9227015,1001.48766764724
470,2021-05-03 18:00:00,261.062518,310.185869955905,997.8302676472399
471,2021-05-03 21:00:00,261.291209,304.992903044095,998.3346999999999
472,2021-05-04 00:00:00,261.203971,298.07821363228504,997.4500676472398
473,2021-05-04 03:00:00,261.10415900000004,296.90973670590495,1000.097088
474,2021-05-04 06:00:00,260.6385675,295.19723308819005,1002.2817476472401
475,2021-05-04 09:00:00,260.27932100000004,296.1040248527599,1000.3935676472399
476,2021-05-04 12:00:00,259.983811,298.7593015,1003.64796764724
477,2021-05-04 15:00:00,260.104646,306.58184436771506,1002.7516676472401
478,2021-05-04 18:00:00,260.44450900000004,305.1686096472401,1001.361688
479,2021-05-04 21:00:00,260.12559200000004,298.3445514708601,1003.33094764724
480,2021-05-05 00:00:00,260.01194050000004,296.89059832362005,1001.82536764724
481,2021-05-05 03:00:00,259.2856165,293.50437208818994,1003.947588
482,2021-05-05 06:00:00,259.19102150000003,291.893788044095,1006.4112476472401
483,2021-05-05 09:00:00,258.6784205,292.08270373543,1006.1013476472399
484,2021-05-05 12:00:00,258.27613949999994,290.69636482362,1010.09814764724
485,2021-05-05 15:00:00,257.800909,286.871061691335,1009.76204764724
486,2021-05-05 18:00:00,257.57508100000007,286.30205800000005,1009.7790476472401
487,2021-05-05 21:00:00,257.2707825,285.687325,1009.39254764724
488,2021-05-06 00:00:00,257.064992,286.0626801838575,1008.7728
489,2021-05-06 03:00:00,256.74525100000005,285.85186495590506,1012.97234764724
490,2021-05-06 06:00:00,256.26041250000003,285.50123641181005,1010.511188
491,2021-05-06 09:00:00,255.6915265,284.78433641181005,1010.4927879999998
492,2021-05-06 12:00:00,255.224891,284.23693149999997,1013.6945476472401
493,2021-05-06 15:00:00,255.14282500000004,285.36379658819004,1014.16724764724
494,2021-05-06 18:00:00,255.0695855,287.56319026457,1014.2388476472402
495,2021-05-06 21:00:00,255.0791075,286.743967,1014.47674764724
496,2021-05-07 00:00:00,255.26537400000007,282.5270510661425,1014.8903476472401
497,2021-05-07 03:00:00,255.269472,281.638945632285,1014.8367476472399
498,2021-05-07 06:00:00,255.39168300000003,280.749765044095,1015.02674764724
499,2021-05-07 09:00:00,255.42549550000004,279.60686995590504,1012.5611879999999
500,2021-05-07 12:00:00,255.38983700000003,285.330498544095,1015.22854764724
501,2021-05-07 15:00:00,255.84144999999998,293.462534955905,1015.1410476472402
502,2021-05-07 18:00:00,256.38349100000005,295.416001455905,1009.5476676472399
503,2021-05-07 21:00:00,256.66312849999997,287.93229954409503,1009.19966764724
504,2021-05-08 00:00:00,256.7588075,283.5218214338575,1012.002088
505,2021-05-08 03:00:00,256.86374450000005,282.06510149999997,1011.975588
506,2021-05-08 06:00:00,256.9857525,281.04760150000004,1011.8228879999999
507,2021-05-08 09:00:00,256.76864950000004,279.939933044095,1011.714088
508,2021-05-08 12:00:00,256.70522850000003,286.76223795590505,1014.1205476472401
509,2021-05-08 15:00:00,257.31742199999997,296.2372329559051,1013.5605476472401
510,2021-05-08 18:00:00,257.6584745,298.20679986771495,1007.57556764724
511,2021-05-08 21:00:00,257.8035545,291.399301,1008.9157476472401
512,2021-05-09 00:00:00,258.15440950000004,289.712892029525,1007.48656764724
513,2021-05-09 03:00:00,258.223613,290.1021435661425,1009.9435879999999
514,2021-05-09 06:00:00,258.18900350000007,289.07758904409496,1007.0792676472399
515,2021-05-09 09:00:00,257.9693295,289.11115749999993,1007.07086764724
516,2021-05-09 12:00:00,258.08436550000005,293.08566649999995,1009.6453879999999
517,2021-05-09 15:00:00,258.3753465,301.39297291181003,1009.4669879999999
518,2021-05-09 18:00:00,258.709152,303.371202955905,1005.736588
519,2021-05-09 21:00:00,258.84415200000007,296.29599804409503,1005.8147879999999
520,2021-05-10 00:00:00,258.9262205,293.35721672795245,1006.088988
521,2021-05-10 03:00:00,258.555596,291.5371640661425,1008.48384764724
522,2021-05-10 06:00:00,258.30390950000003,289.928165,1007.8510476472401
523,2021-05-10 09:00:00,258.11409950000007,288.963231544095,1005.69226764724
524,2021-05-10 12:00:00,257.99081,294.776101455905,1010.54364764724
525,2021-05-10 15:00:00,258.22676400000006,300.87735060314503,1009.8866476472399
526,2021-05-10 18:00:00,258.60885400000006,306.729937955905,1004.1310676472399
527,2021-05-10 21:00:00,258.39221749999996,298.30079317637995,1005.54634764724
528,2021-05-11 00:00:00,257.708433,293.9521987354301,1007.352988
529,2021-05-11 03:00:00,257.38144,291.57493595590495,1007.5594880000001
530,2021-05-11 06:00:00,256.9398465,289.83713486771495,1008.6055203527601
531,2021-05-11 09:00:00,256.7109765,288.2289245881899,1008.91443564724
532,2021-05-11 12:00:00,256.3652345,288.71643108819,1008.938188
533,2021-05-11 15:00:00,256.3063275,289.8136724559051,1011.13014764724
534,2021-05-11 18:00:00,256.178338,288.50418376457003,1007.5639880000001
535,2021-05-11 21:00:00,255.98162100000002,288.47976263228503,1008.9246476472399
536,2021-05-12 00:00:00,255.66054100000002,287.619833,1009.879788
537,2021-05-12 03:00:00,255.5216725,286.8693497279525,1009.000688
538,2021-05-12 06:00:00,255.44134950000003,286.07800141180996,1009.1665879999998
539,2021-05-12 09:00:00,255.32248800000005,285.81564132361996,1009.166288
540,2021-05-12 12:00:00,255.42206150000004,286.68546836771503,1012.43504764724
541,2021-05-12 15:00:00,255.90982800000003,295.0303786913351,1012.6785476472401
542,2021-05-12 18:00:00,256.4590305,296.05180291181,1010.75052035276
543,2021-05-12 21:00:00,256.74139799999995,288.83923295590506,1009.2577476472401
544,2021-05-13 00:00:00,256.78190350000006,284.039969455905,1010.73754764724
545,2021-05-13 03:00:00,256.9254805,282.01165050000003,1012.0471476472401
546,2021-05-13 06:00:00,257.055162,281.16843304409497,1008.13126764724
547,2021-05-13 09:00:00,256.97291800000005,280.142598044095,1011.0516476472401
548,2021-05-13 12:00:00,256.921244,286.4862695,1012.63894764724
549,2021-05-13 15:00:00,257.1693655,296.01283791181,1011.0234879999999
550,2021-05-13 18:00:00,257.43107349999997,297.33433786771496,1008.046288
551,2021-05-13 21:00:00,257.29683950000003,289.88950591181,1007.38204764724
552,2021-05-14 00:00:00,256.9843645,288.41834773543,1009.1615879999999
553,2021-05-14 03:00:00,256.95227,288.483202132285,1008.773788
554,2021-05-14 06:00:00,256.41985450000004,287.17923941181,1008.062688
555,2021-05-14 09:00:00,256.2444,288.5084295881899,1007.574488
556,2021-05-14 12:00:00,256.329445,288.66323191181,1007.80036764724
557,2021-05-14 15:00:00,256.578796,293.68696213228503,1009.704788
558,2021-05-14 18:00:00,256.989535,300.2859382354301,1006.22766764724
559,2021-05-14 21:00:00,257.14923000000005,293.392419779525,1006.3522
560,2021-05-15 00:00:00,257.24237500000004,292.3072805220475,1005.74566764724
561,2021-05-15 03:00:00,257.3494645,288.50085477204743,1008.2026880000001
562,2021-05-15 06:00:00,257.27622600000007,287.155971455905,1006.5790999999999
563,2021-05-15 09:00:00,257.1469275,287.18810645590503,1007.9255476472399
564,2021-05-15 12:00:00,257.14406650000006,291.60653991181,1007.12376764724
565,2021-05-15 15:00:00,257.45165199999997,303.42607491181,1008.0328
566,2021-05-15 18:00:00,257.8847245,304.58681023543005,1005.0974000000001
567,2021-05-15 21:00:00,257.9560285,296.27188660314505,1006.54744764724
568,2021-05-16 00:00:00,257.80172099999993,294.1046963090501,1007.8505476472401
569,2021-05-16 03:00:00,257.5631925,292.24640791928755,1008.88244764724
570,2021-05-16 06:00:00,257.3446515,289.435371455905,1004.68586764724
571,2021-05-16 09:00:00,257.132273,288.37816954409504,1007.32234764724
572,2021-05-16 12:00:00,256.9264245,293.87260299999997,1007.08076764724
573,2021-05-16 15:00:00,257.22439649999995,304.29294819133503,1009.58984764724
574,2021-05-16 18:00:00,257.49689750000005,305.85617941181,1004.574788
575,2021-05-16 21:00:00,257.552242,296.88404291181007,1005.977988
576,2021-05-17 00:00:00,257.2967525,294.03794859566756,1006.628788
577,2021-05-17 03:00:00,256.99956699999996,294.47880113976254,1009.60674764724
578,2021-05-17 06:00:00,256.87485999999996,293.66022164724,1006.8671879999999
579,2021-05-17 09:00:00,256.710665,293.56454873543004,1009.3632476472401
580,2021-05-17 12:00:00,256.553912,295.11668173543006,1009.1734
581,2021-05-17 15:00:00,256.66911550000003,298.01850385276,1010.6539476472401
582,2021-05-17 18:00:00,256.91995549999996,302.65431369133495,1006.9266476472401
583,2021-05-17 21:00:00,256.91044850000003,296.1297729559051,1006.0336
584,2021-05-18 00:00:00,256.8204329999999,293.05714368385753,1009.9438476472401
585,2021-05-18 03:00:00,256.79275150000007,290.759706455905,1009.35754764724
586,2021-05-18 06:00:00,256.685627,289.72677300000004,1008.92514764724
587,2021-05-18 09:00:00,256.73138100000006,288.58606958818996,1006.7119879999998
588,2021-05-18 12:00:00,256.598203,292.86453800000004,1010.19134764724
589,2021-05-18 15:00:00,257.0558065,301.00194136771506,1008.624688
590,2021-05-18 18:00:00,257.68219700000003,302.862506367715,1002.99016764724
591,2021-05-18 21:00:00,257.93559550000003,295.90714291181007,1004.75924764724
592,2021-05-19 00:00:00,257.9491575,292.37015700000006,1003.60726764724
593,2021-05-19 03:00:00,257.962246,291.05637450000006,1005.781088
594,2021-05-19 06:00:00,258.028187,289.7444745,1002.57976764724
595,2021-05-19 09:00:00,257.8982475,289.19277300000005,1001.56096764724
596,2021-05-19 12:00:00,257.97402850000003,293.865074867715,1005.90174764724
597,2021-05-19 15:00:00,258.36206250000004,304.54357636771505,1004.6811476472401
598,2021-05-19 18:00:00,258.96211700000003,307.44830832362004,998.19866764724
599,2021-05-19 21:00:00,259.12029750000005,300.450746367715,997.1168676472398
600,2021-05-20 00:00:00,258.92157050000003,295.4093865220475,1000.6561999999999
601,2021-05-20 03:00:00,258.7539175,293.22590495590504,1001.467188
602,2021-05-20 06:00:00,258.748143,292.4856350440949,997.8314676472401
603,2021-05-20 09:00:00,258.4947285,295.60454608819,999.654088
604,2021-05-20 12:00:00,258.605206,295.04719958819004,1000.0539676472399
605,2021-05-20 15:00:00,258.83173650000003,303.7623433236201,998.98756764724
606,2021-05-20 18:00:00,259.44385850000003,307.278574455905,996.4138879999998
607,2021-05-20 21:00:00,259.710623,302.422679044095,995.291988
608,2021-05-21 00:00:00,259.48987400000004,300.263816205905,996.10236764724
609,2021-05-21 03:00:00,259.47546,300.14687694133505,995.3847676472401
610,2021-05-21 06:00:00,258.9537865,296.5168457795251,995.8912
611,2021-05-21 09:00:00,258.85462900000005,300.17364822047506,996.1995999999999
612,2021-05-21 12:00:00,258.7362005,299.69463872047504,997.2370000000001
613,2021-05-21 15:00:00,259.0189735,306.48398482362,993.88506764724
614,2021-05-21 18:00:00,258.94912750000003,301.5034713236201,992.4263999999998
615,2021-05-21 21:00:00,258.65538300000003,301.55897267638,994.94314764724
616,2021-05-22 00:00:00,258.00826850000004,296.54095292638,996.70974764724
617,2021-05-22 03:00:00,257.12479350000007,292.68242686771504,1000.1067356472402
618,2021-05-22 06:00:00,256.285851,290.19286945590505,1002.4085476472401
619,2021-05-22 09:00:00,256.05436100000003,289.545199544095,1002.78124764724
620,2021-05-22 12:00:00,255.428431,291.15374782362005,1006.8379476472401
621,2021-05-22 15:00:00,255.2776545,296.37630604409503,1006.22944764724
622,2021-05-22 18:00:00,255.82869350000007,295.3144743236201,1003.4414879999999
623,2021-05-22 21:00:00,255.70946600000008,291.81678764724006,1003.1084880000001
624,2021-05-23 00:00:00,255.6478865,285.904496970475,1006.8717879999999
625,2021-05-23 03:00:00,255.1773865,284.6442894779525,1008.75024764724
626,2021-05-23 06:00:00,255.24873649999998,284.83911158819006,1008.6592476472401
627,2021-05-23 09:00:00,255.18886150000003,281.16678885275996,1007.7645
628,2021-05-23 12:00:00,255.012802,286.315102955905,1012.49304764724
629,2021-05-23 15:00:00,255.19507800000002,294.82650641181004,1012.08814764724
630,2021-05-23 18:00:00,255.63600450000004,297.05823991181006,1007.6203
631,2021-05-23 21:00:00,255.88164899999998,288.77083495590495,1007.7781
632,2021-05-24 00:00:00,255.89713400000002,283.7016195220475,1010.3256880000001
633,2021-05-24 03:00:00,255.586707,281.35425375,1012.7681476472401
634,2021-05-24 06:00:00,255.63652249999998,280.24309958819,1013.1738476472401
635,2021-05-24 09:00:00,255.7139595,279.2642015,1011.059688
636,2021-05-24 12:00:00,255.891558,285.632766544095,1014.1919476472399
637,2021-05-24 15:00:00,256.492164,295.5491985,1009.1464676472401
638,2021-05-24 18:00:00,256.993942,297.91120186771496,1005.79656764724
639,2021-05-24 21:00:00,257.247326,288.227236455905,1006.9358
640,2021-05-25 00:00:00,257.335945,285.55784141181005,1009.345288
641,2021-05-25 03:00:00,257.21439050000004,283.06213454409504,1008.944088
642,2021-05-25 06:00:00,257.16818699999993,282.634469544095,1006.70526764724
643,2021-05-25 09:00:00,257.2385795,281.633234544095,1008.68324764724
644,2021-05-25 12:00:00,257.058007,287.519736044095,1008.19496764724
645,2021-05-25 15:00:00,257.35077,296.98779758819006,1008.3603676472399
646,2021-05-25 18:00:00,257.35037950000003,294.343992279525,1007.966188
647,2021-05-25 21:00:00,257.367007,291.4604964999999,1005.69076764724
648,2021-05-26 00:00:00,257.54267,291.7285475,1009.055088
649,2021-05-26 03:00:00,257.477391,291.357136044095,1008.8677879999999
650,2021-05-26 06:00:00,257.6116595,291.226734544095,1008.06634764724
651,2021-05-26 09:00:00,257.727837,290.745234544095,1008.30224764724
652,2021-05-26 12:00:00,257.74314050000004,293.02451132362,1008.8710476472401
653,2021-05-26 15:00:00,257.9184255,299.892527,1009.14164764724
654,2021-05-26 18:00:00,258.3995505,303.916206,1006.24444764724
655,2021-05-26 21:00:00,258.41076499999997,294.37324091181006,1004.564088
656,2021-05-27 00:00:00,258.3472305,292.84530941181,1005.768188
657,2021-05-27 03:00:00,258.2276105,291.335275955905,1006.6090879999999
658,2021-05-27 06:00:00,258.41888700000004,292.781545279525,1006.10704764724
659,2021-05-27 09:00:00,258.46338049999997,290.65868655905007,1002.41886764724
660,2021-05-27 12:00:00,258.502106,295.27494482362005,1005.4944879999999
661,2021-05-27 15:00:00,258.7338575,302.86981541181007,1004.27154764724
662,2021-05-27 18:00:00,259.025039,303.37132655905003,1001.2292476472401
663,2021-05-27 21:00:00,259.21712,297.65548469133506,998.6171879999999
664,2021-05-28 00:00:00,259.180923,295.857272544095,998.2868879999999
665,2021-05-28 03:00:00,259.1572,296.49944636771505,997.7399879999999
666,2021-05-28 06:00:00,259.322895,297.22215132362004,994.22396764724
667,2021-05-28 09:00:00,259.449693,298.847835720475,994.0118
668,2021-05-28 12:00:00,259.383518,300.314536455905,995.262888
669,2021-05-28 15:00:00,259.547923,305.8094452354301,996.4007476472401
670,2021-05-28 18:00:00,259.91722350000003,308.545884103145,990.5879
671,2021-05-28 21:00:00,259.57171600000004,301.2449077795251,991.931488
672,2021-05-29 00:00:00,259.318264,298.1124064925225,992.5512676472399
673,2021-05-29 03:00:00,259.0125875,292.87713649999995,996.8576476472399
674,2021-05-29 06:00:00,258.7383795,291.632633044095,995.5947
675,2021-05-29 09:00:00,258.24076700000006,291.27169958818996,996.8521880000001
676,2021-05-29 12:00:00,257.674859,294.0864956763801,1002.21954764724
677,2021-05-29 15:00:00,257.6027835,303.77631391181006,1000.1427676472399
678,2021-05-29 18:00:00,257.2877685,298.5797980590502,1003.822268
679,2021-05-29 21:00:00,256.85122850000005,294.004822720475,1004.0151476472402
680,2021-05-30 00:00:00,256.781307,293.62044080157256,1004.380488
681,2021-05-30 03:00:00,256.641973,291.84763300000003,1005.37434764724
682,2021-05-30 06:00:00,256.11388600000004,290.53301091181004,1006.180488
683,2021-05-30 09:00:00,255.74763850000002,289.92144482362005,1007.43694764724
684,2021-05-30 12:00:00,255.43874700000003,289.72351819133496,1010.6282476472402
685,2021-05-30 15:00:00,255.76618300000004,296.82640986771503,1010.1166476472399
686,2021-05-30 18:00:00,255.80428799999999,298.53467782362003,1007.5712879999999
687,2021-05-30 21:00:00,255.69200250000003,292.29900745590504,1007.4381879999999
688,2021-05-31 00:00:00,255.396551,290.2755066102375,1010.6938476472401
689,2021-05-31 03:00:00,255.59257899999997,284.27336372047506,1010.46964764724
690,2021-05-31 06:00:00,255.250098,282.421102544095,1010.7020476472401
691,2021-05-31 09:00:00,255.08628550000003,281.22326608819,1010.93774764724
692,2021-05-31 12:00:00,255.43856900000003,286.738732632285,1010.2255
693,2021-05-31 15:00:00,256.1121835,299.4445710440951,1009.4548
694,2021-05-31 18:00:00,256.4384385,301.440004455905,1006.9945879999998
695,2021-05-31 21:00:00,256.7125275000001,291.869436044095,1006.6843879999999
696,2021-06-01 00:00:00,256.75196600000004,286.671742867715,1009.1737476472399
697,2021-06-01 03:00:00,256.7280565,284.591805955905,1008.87184764724
698,2021-06-01 06:00:00,256.8691155,283.27453449999996,1003.8050676472399
699,2021-06-01 09:00:00,256.947824,282.73233108819,1005.8657476472399
700,2021-06-01 12:00:00,256.96001950000004,289.148169455905,1004.8412676472399
701,2021-06-01 15:00:00,257.63644650000003,301.270138367715,1005.72764764724
702,2021-06-01 18:00:00,258.26760049999996,303.49567291181,1001.3495476472399
703,2021-06-01 21:00:00,258.63165449999997,295.654504455905,1001.2192476472401
704,2021-06-02 00:00:00,258.398441,291.777501044095,1000.0436
705,2021-06-02 03:00:00,258.476316,291.62050300000004,998.9045676472401
706,2021-06-02 06:00:00,258.0973285,290.279434544095,998.6492676472399
707,2021-06-02 09:00:00,257.8697225,289.86950450000006,1000.8581879999999
708,2021-06-02 12:00:00,257.7077385,295.38503795590503,1004.3228879999999
709,2021-06-02 15:00:00,257.95965700000005,304.43828345590504,1003.431088
710,2021-06-02 18:00:00,258.046723,307.30274326457,1002.291888
711,2021-06-02 21:00:00,257.9165595,299.41041736771507,1002.000188
712,2021-06-03 00:00:00,257.70489,294.87239027952506,1005.746488
713,2021-06-03 03:00:00,257.94752400000004,292.366806,1002.6519676472399
714,2021-06-03 06:00:00,257.8633225,291.162134544095,1002.7614676472399
715,2021-06-03 09:00:00,257.618317,290.55713795590503,1004.0252
716,2021-06-03 12:00:00,257.67031900000006,295.49543908819,1006.3439879999999
717,2021-06-03 15:00:00,257.802289,302.5344717354301,1006.021888
718,2021-06-03 18:00:00,258.138201,304.79905336771503,1002.0983880000001
719,2021-06-03 21:00:00,258.56721200000004,296.81927644095,1004.7191476472401
720,2021-06-04 00:00:00,258.6489325,296.3888404043324,1004.9664476472401
721,2021-06-04 03:00:00,258.6907755,294.13822513228496,1005.3086476472399
722,2021-06-04 06:00:00,258.7326205,292.96835967638,1003.026488
723,2021-06-04 09:00:00,258.62489600000004,292.318864955905,1000.88976764724
724,2021-06-04 12:00:00,258.74109200000004,297.53070532362005,1006.4738476472401
725,2021-06-04 15:00:00,259.021425,307.380973367715,1003.933988
726,2021-06-04 18:00:00,259.6480575,309.255073367715,997.7541676472401
727,2021-06-04 21:00:00,260.00952950000004,303.94904332362006,999.0505
728,2021-06-05 00:00:00,259.7635885,299.62473359566746,999.2191676472398
729,2021-06-05 03:00:00,259.64218,295.67343573543,1000.8785
730,2021-06-05 06:00:00,259.4077815,294.410695867715,999.923288
731,2021-06-05 09:00:00,259.191784,293.3242235881899,997.9507676472399
732,2021-06-05 12:00:00,258.9169415,295.93329836771494,1003.3481000000002
733,2021-06-05 15:00:00,258.86060000000003,305.20747627952505,1004.11734764724
734,2021-06-05 18:00:00,259.05003700000003,306.22024432362,999.7512999999999
735,2021-06-05 21:00:00,258.820209,300.235497632285,1000.2217
736,2021-06-06 00:00:00,258.33410399999997,298.75939808819,1002.324488
737,2021-06-06 03:00:00,257.660215,294.2442728677151,1005.03644764724
738,2021-06-06 06:00:00,257.174908,291.88631735276,1002.6735879999999
739,2021-06-06 09:00:00,257.0981135,291.73232572047493,1003.014788
740,2021-06-06 12:00:00,256.989185,293.39439917638,1005.8224476472401
741,2021-06-06 15:00:00,256.810359,300.11131713228497,1005.5765476472402
742,2021-06-06 18:00:00,256.9550995,302.04001730866514,1000.2173676472398
743,2021-06-06 21:00:00,257.070891,293.557386896855,1000.3015152944799
744,2021-06-07 00:00:00,256.916237,292.929001544095,1001.9317880000001
745,2021-06-07 03:00:00,256.9279015,293.27480991181005,1003.5395476472399
746,2021-06-07 06:00:00,256.492995,292.24006958818995,1001.4037676472399
747,2021-06-07 09:00:00,256.35406500000005,291.1849444118101,1003.3131879999999
748,2021-06-07 12:00:00,256.36066250000005,293.8275075881901,1003.5475676472399
749,2021-06-07 15:00:00,256.6056985,298.6844605291399,1004.793788
750,2021-06-07 18:00:00,256.77075600000006,298.922899308665,1003.363288
751,2021-06-07 21:00:00,256.79627,294.05635439685494,1004.97774764724
752,2021-06-08 00:00:00,256.640569,291.436987205905,1005.433288
753,2021-06-08 03:00:00,256.41117249999996,292.29246958819004,1006.60904764724
754,2021-06-08 06:00:00,256.32021399999996,290.06816991181,1005.8442476472401
755,2021-06-08 09:00:00,256.159012,289.26816991181005,1003.42246764724
756,2021-06-08 12:00:00,256.0618955,292.44709658819005,1008.10444764724
757,2021-06-08 15:00:00,256.62422050000004,301.20969767637996,1007.08024764724
758,2021-06-08 18:00:00,257.04182050000003,303.33854608819,1004.0756880000001
759,2021-06-08 21:00:00,256.897701,296.105741,1003.246588
760,2021-06-09 00:00:00,256.785076,293.80049438976255,1005.8179476472401
761,2021-06-09 03:00:00,256.709752,292.78220072047503,1004.2516676472401
762,2021-06-09 06:00:00,256.86971400000004,289.137531455905,1005.6417476472402
763,2021-06-09 09:00:00,256.7295525,290.7610729559051,1006.0855476472402
764,2021-06-09 12:00:00,256.91765250000003,292.41937145590504,1005.3791999999999
765,2021-06-09 15:00:00,256.97639150000003,292.89006491181004,1006.1459476472401
766,2021-06-09 18:00:00,257.2054365000001,293.76646108819006,1002.61794764724
767,2021-06-09 21:00:00,257.29248,292.890265,1002.9760476472401
768,2021-06-10 00:00:00,257.32522350000005,292.5434359338575,1003.3173
769,2021-06-10 03:00:00,257.072805,293.03790304409495,1003.6225
770,2021-06-10 06:00:00,256.8793655,293.00543991181,1003.2209879999998
771,2021-06-10 09:00:00,256.489782,292.209836455905,1004.200388
772,2021-06-10 12:00:00,256.209923,293.13920491181,1008.0385476472402
773,2021-06-10 15:00:00,256.1062235,299.51606842676506,1008.9575476472401
774,2021-06-10 18:00:00,255.821028,297.7062320149551,1006.37704764724
775,2021-06-10 21:00:00,255.67402250000004,292.83413791181005,1007.22854764724
776,2021-06-11 00:00:00,255.53268400000002,290.4970881397626,1009.250188
777,2021-06-11 03:00:00,255.31555400000005,288.88454132362006,1012.41234764724
778,2021-06-11 06:00:00,255.02227299999996,286.283464544095,1010.981288
779,2021-06-11 09:00:00,254.913029,284.365529544095,1010.954788
780,2021-06-11 12:00:00,254.95473450000003,288.47416991181,1013.8232476472399
781,2021-06-11 15:00:00,255.4216415,296.289673367715,1013.8813476472401
782,2021-06-11 18:00:00,255.8401165,297.41263645590504,1010.3085476472402
783,2021-06-11 21:00:00,255.92086350000002,290.317737955905,1009.3596
784,2021-06-12 00:00:00,256.096076,286.70256649999993,1011.6130879999998
785,2021-06-12 03:00:00,256.20054500000003,284.48602216181,1014.2434476472399
786,2021-06-12 06:00:00,255.96636750000002,283.38823645590503,1011.7053880000001
787,2021-06-12 09:00:00,256.1243535,282.663831544095,1008.93846764724
788,2021-06-12 12:00:00,256.23161899999997,287.46249808819,1014.03034764724
789,2021-06-12 15:00:00,256.717174,297.00316954409504,1011.237488
790,2021-06-12 18:00:00,257.1754735,298.71010108819,1009.7362476472399
791,2021-06-12 21:00:00,257.2543485,289.860064632285,1009.1174476472402
792,2021-06-13 00:00:00,257.339178,286.800704955905,1007.76636764724
793,2021-06-13 03:00:00,257.310085,285.0389007720475,1007.53196764724
794,2021-06-13 06:00:00,257.23684000000003,283.3127,1007.21406764724
795,2021-06-13 09:00:00,257.1339495,282.46713154409497,1006.8319676472399
796,2021-06-13 12:00:00,257.13794300000006,287.44240149999996,1009.3220880000001
797,2021-06-13 15:00:00,257.504318,298.01067641181004,1011.4357476472401
798,2021-06-13 18:00:00,257.83124599999996,299.73763800000006,1007.07284764724
799,2021-06-13 21:00:00,258.166764,290.8443365,1006.6754476472402
800,2021-06-14 00:00:00,258.1281875000001,287.308568455905,1005.52186764724
801,2021-06-14 03:00:00,258.12433999999996,285.51536479409503,1005.37536764724
802,2021-06-14 06:00:00,258.1574215,284.442965,1005.5858676472399
803,2021-06-14 09:00:00,257.7674215,283.7760665,1005.86626764724
804,2021-06-14 12:00:00,257.7154555,289.52180491181,1009.527288
805,2021-06-14 15:00:00,257.970988,300.08744141180995,1007.03836764724
806,2021-06-14 18:00:00,258.15878250000003,304.24011632362,1006.4740879999999
807,2021-06-14 21:00:00,258.3720795,293.485507955905,1006.6980879999999
808,2021-06-15 00:00:00,258.0573,288.93460491181,1009.7814476472399
809,2021-06-15 03:00:00,257.69401450000004,287.58766825,1010.4661476472402
810,2021-06-15 06:00:00,257.275395,286.480569955905,1010.6219476472402
811,2021-06-15 09:00:00,256.93164100000007,285.631165044095,1010.7878476472401
812,2021-06-15 12:00:00,256.77958250000006,289.814934955905,1011.965888
813,2021-06-15 15:00:00,256.87138050000004,299.51270300000004,1011.763788
814,2021-06-15 18:00:00,256.91917700000005,300.36197636771504,1008.1481879999999
815,2021-06-15 21:00:00,256.5961735,293.41213991181,1010.52314764724
816,2021-06-16 00:00:00,256.2500085,290.6141783236201,1011.774788
817,2021-06-16 03:00:00,255.94919450000003,288.0272531838575,1011.3648879999998
818,2021-06-16 06:00:00,255.697604,287.45187786771504,1011.3970879999999
819,2021-06-16 09:00:00,255.44631700000002,285.954504455905,1011.1908879999999
820,2021-06-16 12:00:00,255.2518655,286.17490295590505,1012.9011476472401
821,2021-06-16 15:00:00,255.03179350000002,290.1367509409499,1014.3476356472399
822,2021-06-16 18:00:00,254.9006645,291.00095704409506,1012.0198476472401
823,2021-06-16 21:00:00,254.58169700000005,287.15660973543,1011.8210476472401
824,2021-06-17 00:00:00,254.659315,286.0592299559049,1012.5452476472401
825,2021-06-17 03:00:00,254.403768,283.71687716928756,1015.813968
826,2021-06-17 06:00:00,254.22190850000004,282.076214720475,1014.11824764724
827,2021-06-17 09:00:00,253.88327700000002,283.77250445590505,1012.835988
828,2021-06-17 12:00:00,253.98203850000004,284.375133,1016.5676476472399
829,2021-06-17 15:00:00,254.07695200000003,286.040236367715,1014.9826879999998
830,2021-06-17 18:00:00,254.01357249999995,287.105424632285,1014.63874764724
831,2021-06-17 21:00:00,254.08249350000003,286.534039867715,1012.8067880000001
832,2021-06-18 00:00:00,254.113964,285.320002955905,1013.1808880000001
833,2021-06-18 03:00:00,254.1313555,284.161602955905,1015.7111476472401
834,2021-06-18 06:00:00,254.05577199999996,283.70677182362,1013.5158879999999
835,2021-06-18 09:00:00,254.18629000000004,283.470603367715,1013.0161879999998
836,2021-06-18 12:00:00,254.07316750000004,284.066095044095,1015.0206476472399
837,2021-06-18 15:00:00,254.42715450000003,285.36736113228505,1013.7615476472401
838,2021-06-18 18:00:00,254.49203200000002,284.788992455905,1012.1149476472401
839,2021-06-18 21:00:00,254.55191550000006,284.11852363228496,1011.200388
840,2021-06-19 00:00:00,254.57288350000002,283.95862363228497,1012.0457476472402
841,2021-06-19 03:00:00,254.43651999999997,283.39266349999997,1011.3838880000001
842,2021-06-19 06:00:00,254.13642050000004,282.38316345590505,1012.3701476472402
843,2021-06-19 09:00:00,254.116261,282.11739841181,1011.6503476472401
844,2021-06-19 12:00:00,254.37483750000004,283.0160615881901,1015.1426476472402
845,2021-06-19 15:00:00,254.89004500000007,287.689216220475,1014.8973476472402
846,2021-06-19 18:00:00,255.2994615,294.02301736771494,1012.26384764724
847,2021-06-19 21:00:00,255.46354399999998,289.156215279525,1010.8753879999999
848,2021-06-20 00:00:00,255.60025500000003,285.2218503086649,1014.3593476472402
849,2021-06-20 03:00:00,255.67360200000005,283.40841608818994,1012.4787880000001
850,2021-06-20 06:00:00,255.69023300000003,283.36658608819,1011.1102000000001
851,2021-06-20 09:00:00,255.7213625,282.137191367715,1012.02014764724
852,2021-06-20 12:00:00,255.925766,285.66879891181,1011.7802999999999
853,2021-06-20 15:00:00,256.131959,291.93421132362005,1013.05574764724
854,2021-06-20 18:00:00,256.6056355,293.9639289559049,1009.5450476472402
855,2021-06-20 21:00:00,256.7364015,290.23699700000003,1007.431388
856,2021-06-21 00:00:00,256.6405665,289.171596632285,1010.94804764724
857,2021-06-21 03:00:00,256.5648345,287.96379658818995,1006.74126764724
858,2021-06-21 06:00:00,256.38277400000004,287.21769658819,1008.4861476472402
859,2021-06-21 09:00:00,256.4207225,286.912231544095,1009.2761476472401
860,2021-06-21 12:00:00,256.2097395,287.619931544095,1009.75484764724
861,2021-06-21 15:00:00,256.110552,291.19639817638,1009.3277
862,2021-06-21 18:00:00,256.353199,293.99650808819,1007.6337879999999
863,2021-06-21 21:00:00,256.4570635,290.8540065,1008.366888
864,2021-06-22 00:00:00,256.37433250000004,289.516304955905,1011.0580476472401
865,2021-06-22 03:00:00,256.4905175,286.12353827952506,1011.2154476472401
866,2021-06-22 06:00:00,256.51281150000005,285.2271668677151,1010.6992476472401
867,2021-06-22 09:00:00,256.525752,285.039099544095,1010.8052476472401
868,2021-06-22 12:00:00,256.768307,287.571368,1009.16136764724
869,2021-06-22 15:00:00,256.95217399999996,294.334428544095,1008.61896764724
870,2021-06-22 18:00:00,257.470767,296.233695455905,1006.9299880000001
871,2021-06-22 21:00:00,257.54276200000004,291.9251045,1004.50096764724
872,2021-06-23 00:00:00,257.8024765,290.41192554409497,1004.5241676472401
873,2021-06-23 03:00:00,257.7995305,289.9829266763799,1003.9618676472401
874,2021-06-23 06:00:00,257.9881295,290.32432817638,1004.12446764724
875,2021-06-23 09:00:00,258.0936525,291.455769955905,1002.7704879999999
876,2021-06-23 12:00:00,258.20745050000005,293.6296463236201,1004.4322999999999
877,2021-06-23 15:00:00,258.475186,302.34040645590505,1004.6618476472399
878,2021-06-23 18:00:00,258.766685,302.43936841180994,999.5848000000001
879,2021-06-23 21:00:00,258.59884250000005,300.637007632285,997.4519879999999
880,2021-06-24 00:00:00,259.36082600000003,300.61480841181,996.0339796472401
881,2021-06-24 03:00:00,259.20438850000005,301.44963642638,997.00476764724
882,2021-06-24 06:00:00,258.42722150000003,300.69087313228505,997.5059000000001
883,2021-06-24 09:00:00,257.96503950000005,297.398986896855,996.4137676472401
884,2021-06-24 12:00:00,256.686059,295.17381277952506,1002.4392879999998
885,2021-06-24 15:00:00,256.5047115,294.919987896855,1004.1255476472402
886,2021-06-24 18:00:00,256.9745645,300.698418279525,1003.6682476472402
887,2021-06-24 21:00:00,256.97690550000004,294.95632394095,1003.7270476472399
888,2021-06-25 00:00:00,256.6811825,289.252802544095,1005.730288
889,2021-06-25 03:00:00,256.44190150000003,287.11607250000003,1005.768188
890,2021-06-25 06:00:00,256.44640400000003,285.06694091181,1005.6853880000001
891,2021-06-25 09:00:00,256.281687,284.90234200000003,1005.476588
892,2021-06-25 12:00:00,256.41407050000004,287.85082917638,1007.3917476472402
893,2021-06-25 15:00:00,256.786447,291.34390058818997,1007.2823476472399
894,2021-06-25 18:00:00,257.05119600000006,295.29559697008995,1003.20134764724
895,2021-06-25 21:00:00,257.22498,292.15856908819,1000.992888
896,2021-06-26 00:00:00,257.454347,290.88486117637996,1001.734688
897,2021-06-26 03:00:00,257.62714550000004,290.0484197645699,1000.7213000000002
898,2021-06-26 06:00:00,257.881392,290.5548847645699,997.40226764724
899,2021-06-26 09:00:00,258.06939800000004,292.01941298504494,999.9769476472402
900,2021-06-26 12:00:00,257.92515249999997,294.918197632285,1001.1448476472401
901,2021-06-26 15:00:00,258.12034350000005,303.86917782362,999.8340879999998
902,2021-06-26 18:00:00,257.63604300000003,298.6259168094351,996.763688
903,2021-06-26 21:00:00,256.92425850000006,292.11251561732996,999.8292476472402
904,2021-06-27 00:00:00,255.94815200000005,288.6650743236201,1004.0167476472401
905,2021-06-27 03:00:00,255.39005999999998,286.59536108819003,1007.62244764724
906,2021-06-27 06:00:00,255.06843750000002,287.02727141181003,1007.4335476472402
907,2021-06-27 09:00:00,254.14918750000004,283.65326936771504,1008.142388
908,2021-06-27 12:00:00,254.05754100000001,282.17276454409495,1012.72893564724
909,2021-06-27 15:00:00,253.6607545,281.92323491181,1014.8521476472401
910,2021-06-27 18:00:00,253.40295550000005,281.29343491181,1014.90684764724
911,2021-06-27 21:00:00,253.15028300000003,281.13489849999996,1014.5848476472402
912,2021-06-28 00:00:00,253.090012,282.245703455905,1016.2865879999999
913,2021-06-28 03:00:00,252.86458850000005,283.01489205157253,1016.077288
914,2021-06-28 06:00:00,252.3655575,280.72071810314503,1018.6330476472399
915,2021-06-28 09:00:00,251.890733,281.2085075,1018.2033476472402
916,2021-06-28 12:00:00,251.592234,280.68987291181,1021.4895476472402
917,2021-06-28 15:00:00,251.23706700000002,287.37001191181,1022.3115879999998
918,2021-06-28 18:00:00,251.36957800000005,288.49577232362003,1021.0588476472401
919,2021-06-28 21:00:00,251.4575335,283.39087341180993,1021.0278476472399
920,2021-06-29 00:00:00,251.41105249999998,278.248369955905,1020.5029
921,2021-06-29 03:00:00,251.527949,276.6044676838575,1020.3461
922,2021-06-29 06:00:00,251.54386800000003,275.177833455905,1021.3967476472401
923,2021-06-29 09:00:00,251.58838500000002,274.034365,1022.0287476472399
924,2021-06-29 12:00:00,251.7454635,279.45030491181,1021.5807
925,2021-06-29 15:00:00,252.18499600000004,289.3255448677151,1021.3517999999999
926,2021-06-29 18:00:00,252.77862299999998,290.77977495590494,1019.0449879999999
927,2021-06-29 21:00:00,252.91514999999998,282.002304955905,1018.6571879999999
928,2021-06-30 00:00:00,253.1667795,277.9521851838575,1020.55334764724
929,2021-06-30 03:00:00,253.15558200000004,276.34696768385754,1019.9333476472402
930,2021-06-30 06:00:00,253.3502515,275.07913345590504,1019.4240476472401
931,2021-06-30 09:00:00,253.47121700000002,274.135230044095,1018.49854764724
932,2021-06-30 12:00:00,253.815,279.30863500000004,1018.9508880000001
933,2021-06-30 15:00:00,254.35487200000003,289.72087,1020.19954764724
934,2021-06-30 18:00:00,254.866126,292.373843367715,1013.4681676472401
935,2021-06-30 21:00:00,255.40864800000006,282.824571455905,1013.3744000000002
936,2021-07-01 00:00:00,255.6349045,279.15526995590494,1014.478288
937,2021-07-01 03:00:00,255.91118400000002,278.15078327204753,1013.8364879999999
938,2021-07-01 06:00:00,256.1675415,276.9918,1013.347988
939,2021-07-01 09:00:00,256.32672499999995,276.078230044095,1012.766488
940,2021-07-01 12:00:00,256.564772,281.439534955905,1013.1575879999998
941,2021-07-01 15:00:00,257.135519,293.109574867715,1013.025488
942,2021-07-01 18:00:00,257.63693700000005,296.74220645590503,1009.332388
943,2021-07-01 21:00:00,258.101229,287.980771455905,1006.6101676472399
944,2021-07-02 00:00:00,258.396763,283.67033991181,1006.86626764724
945,2021-07-02 03:00:00,258.54512900000003,281.61539808819003,1007.4020676472401
946,2021-07-02 06:00:00,258.4670705,280.51490149999995,1008.00746764724
947,2021-07-02 09:00:00,258.40151050000003,279.16850149999993,1010.1492476472399
948,2021-07-02 12:00:00,258.11208350000004,284.366136455905,1011.0371152944799
949,2021-07-02 15:00:00,258.2994905,297.431771455905,1012.89524764724
950,2021-07-02 18:00:00,258.31439050000006,301.583372955905,1010.46304764724
951,2021-07-02 21:00:00,258.3870605,291.5005395,1009.5750879999998
952,2021-07-03 00:00:00,258.1610805,287.5847399559049,1010.995688
953,2021-07-03 03:00:00,257.86877849999996,286.19673995590506,1012.2097879999999
954,2021-07-03 06:00:00,257.688068,284.62160495590496,1013.1715879999999
955,2021-07-03 09:00:00,257.49732900000004,283.25346995590496,1011.5481
956,2021-07-03 12:00:00,257.29678749999994,287.295103,1013.7034879999999
957,2021-07-03 15:00:00,257.49372,297.22737104409504,1013.252788
958,2021-07-03 18:00:00,257.74343650000003,299.9911060440951,1010.64841529448
959,2021-07-03 21:00:00,257.9549935,291.97630604409505,1009.2906676472398
960,2021-07-04 00:00:00,258.019063,287.205172955905,1011.8565879999999
